{
  "users": [
    {
      "id": 1,
      "name": "Admin User",
      "email": "admin@example.com",
      "created_at": "2025-12-09T12:00:00.000Z"
    }
  ],
  "profesores": [
    {
      "id": 1,
      "nombre": "Dr. Juan Pérez García",
      "email": "juan.perez@universidad.edu",
      "telefono": "+34 912 345 678",
      "numero_documento": "12345678A",
      "departamento": "Matemáticas",
      "especialidad": "Matemáticas Aplicadas"
    },
    {
      "id": 2,
      "nombre": "Dra. María García López",
      "email": "maria.garcia@universidad.edu",
      "telefono": "+34 913 456 789",
      "numero_documento": "23456789B",
      "departamento": "Física",
      "especialidad": "Física Teórica"
    },
    {
      "id": 3,
      "nombre": "Ing. Carlos López Fernández",
      "email": "carlos.lopez@universidad.edu",
      "telefono": "+34 914 567 890",
      "numero_documento": "34567890C",
      "departamento": "Ingeniería de Software",
      "especialidad": "Ingeniería de Software"
    },
    {
      "id": 4,
      "nombre": "Prof. Ana Martínez Rodríguez",
      "email": "ana.martinez@universidad.edu",
      "telefono": "+34 915 678 901",
      "numero_documento": "45678901D",
      "departamento": "Química",
      "especialidad": "Química Orgánica"
    },
    {
      "id": 5,
      "nombre": "Dr. Pedro Sánchez Gómez",
      "email": "pedro.sanchez@universidad.edu",
      "telefono": "+34 916 789 012",
      "numero_documento": "56789012E",
      "departamento": "Historia del Arte",
      "especialidad": "Historia del Arte"
    },
    {
      "id": 6,
      "nombre": "Prof. Isabel Moreno Díaz",
      "email": "isabel.moreno@universidad.edu",
      "telefono": "+34 917 890 123",
      "numero_documento": "67890123F",
      "departamento": "Lengua y Literatura",
      "especialidad": "Lengua y Literatura"
    },
    {
      "id": 7,
      "nombre": "Dr. Carlos Mendez García",
      "email": "carlos.mendez@universidad.edu",
      "telefono": "3105552500",
      "numero_documento": "1098765432",
      "departamento": "Ingeniería de Sistemas",
      "especialidad": "Bases de Datos",
      "createdAt": "2025-12-15T17:31:32.632Z"
    },
    {
      "id": 8,
      "nombre": "Dra. Gabriela Romero Silva",
      "email": "gabriela.romero@universidad.edu",
      "telefono": "3134556666",
      "numero_documento": "1087654321",
      "departamento": "Biología",
      "especialidad": "Biología Molecular",
      "createdAt": "2025-12-15T17:40:07.004Z"
    }
  ],
  "cursos": [
    {
      "id": 1,
      "nombre_curso": "Cálculo Diferencial I",
      "codigo": "MAT101",
      "num_estudiantes": 32,
      "id_profesor": 1
    },
    {
      "id": 2,
      "nombre_curso": "Cálculo Integral II",
      "codigo": "MAT102",
      "num_estudiantes": 28,
      "id_profesor": 1
    },
    {
      "id": 3,
      "nombre_curso": "Física Cuántica Avanzada",
      "codigo": "FIS201",
      "num_estudiantes": 22,
      "id_profesor": 2
    },
    {
      "id": 4,
      "nombre_curso": "Física Aplicada",
      "codigo": "FIS102",
      "num_estudiantes": 25,
      "id_profesor": 2
    },
    {
      "id": 5,
      "nombre_curso": "Programación Web Avanzada",
      "codigo": "PRG301",
      "num_estudiantes": 35,
      "id_profesor": 3
    },
    {
      "id": 6,
      "nombre_curso": "Desarrollo Full Stack",
      "codigo": "PRG302",
      "num_estudiantes": 30,
      "id_profesor": 3
    },
    {
      "id": 7,
      "nombre_curso": "Química General",
      "codigo": "QUI101",
      "num_estudiantes": 38,
      "id_profesor": 4
    },
    {
      "id": 8,
      "nombre_curso": "Química Orgánica",
      "codigo": "QUI202",
      "num_estudiantes": 26,
      "id_profesor": 4
    },
    {
      "id": 9,
      "nombre_curso": "Renacimiento Europeo",
      "codigo": "HIS150",
      "num_estudiantes": 40,
      "id_profesor": 5
    },
    {
      "id": 10,
      "nombre_curso": "Literatura Española Clásica",
      "codigo": "LIT201",
      "num_estudiantes": 33,
      "id_profesor": 6
    },
    {
      "id": 11,
      "nombre_curso": "Diseño de Bases de Datos Relacionales",
      "codigo": "DATA-501",
      "num_estudiantes": 32,
      "id_profesor": 7,
      "createdAt": "2025-12-15T17:50:57.840Z"
    }
  ],
  "estudiantes": [
    {
      "id": 1,
      "nombre": "Pedro Martínez Rodríguez",
      "numero_documento": "45678901D",
      "curso": "MAT101"
    },
    {
      "id": 2,
      "nombre": "Laura Rodríguez García",
      "numero_documento": "56789012E",
      "curso": "FIS201"
    },
    {
      "id": 3,
      "nombre": "Miguel Sánchez López",
      "numero_documento": "67890123F",
      "curso": "PRG301"
    },
    {
      "id": 4,
      "nombre": "Sofía Fernández Moreno",
      "numero_documento": "78901234G",
      "curso": "QUI101"
    },
    {
      "id": 5,
      "nombre": "David García Martínez",
      "numero_documento": "89012345H",
      "curso": "HIS150"
    },
    {
      "id": 6,
      "nombre": "Elena López Díaz",
      "numero_documento": "90123456I",
      "curso": "LIT201"
    },
    {
      "id": 7,
      "nombre": "Carlos Díaz Romero",
      "numero_documento": "01234567J",
      "curso": "MAT102"
    },
    {
      "id": 8,
      "nombre": "María Sánchez Gómez",
      "numero_documento": "12345678K",
      "curso": "FIS102"
    },
    {
      "id": 9,
      "nombre": "Jorge Gómez Ruiz",
      "numero_documento": "23456789L",
      "curso": "PRG302"
    },
    {
      "id": 10,
      "nombre": "Patricia Ruiz Flores",
      "numero_documento": "34567890M",
      "curso": "QUI202"
    },
    {
      "id": 11,
      "nombre": "Antonio Flores Vargas",
      "numero_documento": "45678901N",
      "curso": "MAT101"
    },
    {
      "id": 12,
      "nombre": "Rosa Vargas Campos",
      "numero_documento": "56789012O",
      "curso": "FIS201"
    },
    {
      "id": 13,
      "nombre": "Daniela Perez",
      "numero_documento": "1234567C3",
      "curso": "DATA-501",
      "createdAt": "2025-12-15T19:22:33.988Z"
    }
  ],
  "espacios": [
    {
      "id": 1,
      "nombre": "Aula 101 - Pabellón A",
      "tipo": "Sala de Clase",
      "capacidad": 40,
      "ubicacion": "Planta Baja - Pabellón A",
      "estado": "Disponible"
    },
    {
      "id": 2,
      "nombre": "Aula 102 - Pabellón A",
      "tipo": "Sala de Clase",
      "capacidad": 35,
      "ubicacion": "Planta Baja - Pabellón A",
      "estado": "Disponible"
    },
    {
      "id": 3,
      "nombre": "Laboratorio 201 - Pabellón B",
      "tipo": "Laboratorio",
      "capacidad": 24,
      "ubicacion": "Primer Piso - Pabellón B",
      "estado": "Disponible"
    },
    {
      "id": 4,
      "nombre": "Laboratorio 202 - Pabellón B",
      "tipo": "Laboratorio",
      "capacidad": 22,
      "ubicacion": "Primer Piso - Pabellón B",
      "estado": "Mantenimiento"
    },
    {
      "id": 5,
      "nombre": "Aula 301 - Pabellón C",
      "tipo": "Sala de Clase",
      "capacidad": 45,
      "ubicacion": "Segundo Piso - Pabellón C",
      "estado": "Disponible"
    },
    {
      "id": 6,
      "nombre": "Sala de Informática 401",
      "tipo": "Sala de Informática",
      "capacidad": 30,
      "ubicacion": "Tercer Piso - Pabellón C",
      "estado": "Disponible"
    },
    {
      "id": 7,
      "nombre": "Aula Magna",
      "tipo": "Auditorio",
      "capacidad": 200,
      "ubicacion": "Planta Baja - Pabellón Principal",
      "estado": "Disponible"
    },
    {
      "id": 8,
      "nombre": "Sala de Reuniones 1",
      "tipo": "Sala de Reuniones",
      "capacidad": 15,
      "ubicacion": "Planta Baja - Administración",
      "estado": "Disponible"
    }
  ],
  "equipos": [
    {
      "id": 1,
      "nombre": "Proyector Sony VPL-FHZ75",
      "tipo": "Electrónico",
      "id_espacio": 1,
      "descripcion": "Proyector LED de 5000 lúmenes, resolución 1080p, HDMI/VGA"
    },
    {
      "id": 2,
      "nombre": "Pizarra Interactiva SmartBoard",
      "tipo": "Electrónico",
      "id_espacio": 1,
      "descripcion": "Pizarra digital interactiva con software educativo"
    },
    {
      "id": 3,
      "nombre": "Computadora de Escritorio Dell OptiPlex",
      "tipo": "Cómputo",
      "id_espacio": 3,
      "descripcion": "Intel i7, 16GB RAM, SSD 512GB - Uso Lab Física"
    },
    {
      "id": 4,
      "nombre": "Microscopio Electrónico Zeiss Sigma",
      "tipo": "Científico",
      "id_espacio": 3,
      "descripcion": "Microscopio de barrido electrónico para investigación"
    },
    {
      "id": 5,
      "nombre": "Servidor de Red Cisco Catalyst",
      "tipo": "Red",
      "id_espacio": 6,
      "descripcion": "Switch manageable de 48 puertos Gigabit"
    },
    {
      "id": 6,
      "nombre": "Estación de Trabajo HP Z440",
      "tipo": "Cómputo",
      "id_espacio": 6,
      "descripcion": "Workstation con Xeon E5, 32GB RAM, para CAD/3D"
    },
    {
      "id": 7,
      "nombre": "Sistema de Sonido Bose",
      "tipo": "Audio",
      "id_espacio": 7,
      "descripcion": "Sistema de sonido estéreo profesional para auditorio"
    },
    {
      "id": 8,
      "nombre": "Cámara Documentadora Elmo",
      "tipo": "Electrónico",
      "id_espacio": 2,
      "descripcion": "Cámara de documento para proyección en tiempo real"
    }
  ],
  "asignaciones": [
    {
      "id": 1,
      "id_espacio": 1,
      "id_curso": 1,
      "id_profesor": 1,
      "id_estudiante": 1,
      "id_administrativo": 1,
      "fecha_asignacion": "2025-12-18",
      "estado": "Cancelada",
      "tipo_solicitnte": "Regular"
    },
    {
      "id": 2,
      "id_espacio": 3,
      "id_curso": 3,
      "id_profesor": 2,
      "id_estudiante": 2,
      "id_administrativo": 1,
      "fecha_asignacion": "2025-12-15",
      "estado": "Activa",
      "tipo_solicitnte": "Regular"
    },
    {
      "id": 3,
      "id_espacio": 6,
      "id_curso": 5,
      "id_profesor": 3,
      "id_estudiante": 3,
      "id_administrativo": 2,
      "fecha_asignacion": "2025-12-17",
      "estado": "Activa",
      "tipo_solicitnte": "Regular"
    },
    {
      "id": 4,
      "id_espacio": 5,
      "id_curso": 7,
      "id_profesor": 4,
      "id_estudiante": 4,
      "id_administrativo": 2,
      "fecha_asignacion": "2025-12-19",
      "estado": "Activa",
      "tipo_solicitnte": "Regular"
    },
    {
      "id": 5,
      "id_espacio": 7,
      "id_curso": 9,
      "id_profesor": 5,
      "id_estudiante": 5,
      "id_administrativo": 3,
      "fecha_asignacion": "2025-12-16",
      "estado": "Activa",
      "tipo_solicitnte": "Regular"
    },
    {
      "id": 6,
      "id_espacio": 2,
      "id_curso": 10,
      "id_profesor": 6,
      "id_estudiante": 6,
      "id_administrativo": 3,
      "fecha_asignacion": "2025-12-14",
      "estado": "Activa",
      "tipo_solicitnte": "Regular"
    },
    {
      "id": 7,
      "id_espacio": 1,
      "id_curso": 2,
      "id_profesor": 1,
      "id_estudiante": 7,
      "id_administrativo": 1,
      "fecha_asignacion": "2025-12-13",
      "estado": "Pendiente",
      "tipo_solicitnte": "Especial"
    },
    {
      "id": 8,
      "id_espacio": 4,
      "id_curso": 4,
      "id_profesor": 2,
      "id_estudiante": 8,
      "id_administrativo": 2,
      "fecha_asignacion": "2025-12-20",
      "estado": "Cancelada",
      "tipo_solicitnte": "Regular"
    }
  ],
  "horarios": [
    {
      "id": 1,
      "id_asignacion": 1,
      "dia": "Lunes",
      "fecha_inicio": "2025-12-01",
      "fecha_cierre": "2025-12-05"
    },
    {
      "id": 2,
      "id_asignacion": 1,
      "dia": "Miércoles",
      "fecha_inicio": "2025-12-03",
      "fecha_cierre": "2025-12-07"
    },
    {
      "id": 3,
      "id_asignacion": 1,
      "dia": "Viernes",
      "fecha_inicio": "2025-12-05",
      "fecha_cierre": "2025-12-09"
    },
    {
      "id": 4,
      "id_asignacion": 2,
      "dia": "Martes",
      "fecha_inicio": "2025-12-02",
      "fecha_cierre": "2025-12-06"
    },
    {
      "id": 5,
      "id_asignacion": 2,
      "dia": "Jueves",
      "fecha_inicio": "2025-12-04",
      "fecha_cierre": "2025-12-08"
    },
    {
      "id": 6,
      "id_asignacion": 3,
      "dia": "Lunes",
      "fecha_inicio": "2025-12-08",
      "fecha_cierre": "2025-12-12"
    },
    {
      "id": 7,
      "id_asignacion": 3,
      "dia": "Jueves",
      "fecha_inicio": "2025-12-11",
      "fecha_cierre": "2025-12-15"
    },
    {
      "id": 8,
      "id_asignacion": 4,
      "dia": "Martes",
      "fecha_inicio": "2025-12-09",
      "fecha_cierre": "2025-12-13"
    },
    {
      "id": 9,
      "id_asignacion": 5,
      "dia": "Miércoles",
      "fecha_inicio": "2025-12-10",
      "fecha_cierre": "2025-12-14"
    },
    {
      "id": 10,
      "id_asignacion": 6,
      "dia": "Viernes",
      "fecha_inicio": "2025-12-12",
      "fecha_cierre": "2025-12-16"
    },
    {
      "id": 11,
      "id_asignacion": 7,
      "dia": "Sábado",
      "fecha_inicio": "2025-12-06",
      "fecha_cierre": "2025-12-10"
    },
    {
      "id": 12,
      "id_asignacion": 8,
      "dia": "Sábado",
      "fecha_inicio": "2025-12-13",
      "fecha_cierre": "2025-12-17"
    }
  ],
  "disponibles": [
    {
      "id": 1,
      "id_espacio": 2,
      "id_horario": 1,
      "disponible": true
    },
    {
      "id": 2,
      "id_espacio": 4,
      "id_horario": 2,
      "disponible": true
    },
    {
      "id": 3,
      "id_espacio": 7,
      "id_horario": 3,
      "disponible": true
    },
    {
      "id": 4,
      "id_espacio": 8,
      "id_horario": 4,
      "disponible": true
    },
    {
      "id": 5,
      "id_espacio": 1,
      "id_horario": 5,
      "disponible": true
    },
    {
      "id": 6,
      "id_espacio": 5,
      "id_horario": 6,
      "disponible": true
    },
    {
      "id": 7,
      "id_espacio": 2,
      "id_horario": 7,
      "disponible": true
    },
    {
      "id": 8,
      "id_espacio": 3,
      "id_horario": 8,
      "disponible": true
    },
    {
      "id": 9,
      "id_espacio": 6,
      "id_horario": 9,
      "disponible": true
    },
    {
      "id": 10,
      "id_espacio": 4,
      "id_horario": 10,
      "disponible": true
    },
    {
      "id": 11,
      "id_espacio": 1,
      "id_horario": 11,
      "disponible": true
    },
    {
      "id": 12,
      "id_espacio": 7,
      "id_horario": 12,
      "disponible": true
    }
  ],
  "inscripcion": [
    {
      "id": 1,
      "id_estudiante": 1,
      "id_curso": 1
    },
    {
      "id": 2,
      "id_estudiante": 2,
      "id_curso": 3
    },
    {
      "id": 3,
      "id_estudiante": 3,
      "id_curso": 5
    },
    {
      "id": 4,
      "id_estudiante": 4,
      "id_curso": 7
    },
    {
      "id": 5,
      "id_estudiante": 5,
      "id_curso": 9
    },
    {
      "id": 6,
      "id_estudiante": 6,
      "id_curso": 10
    },
    {
      "id": 7,
      "id_estudiante": 7,
      "id_curso": 2
    },
    {
      "id": 8,
      "id_estudiante": 8,
      "id_curso": 4
    },
    {
      "id": 9,
      "id_estudiante": 9,
      "id_curso": 6
    },
    {
      "id": 10,
      "id_estudiante": 10,
      "id_curso": 8
    },
    {
      "id": 11,
      "id_estudiante": 11,
      "id_curso": 1
    },
    {
      "id": 12,
      "id_estudiante": 12,
      "id_curso": 3
    }
  ],
  "administrativos": [
    {
      "id": 1,
      "nombre": "Roberto García Martínez",
      "correo": "roberto.garcia@universidad.edu",
      "telefono": "+34 915 678 901",
      "numero_documento": "78901234G",
      "cargo": "Director de Académicos",
      "especialidad": "Gestión Académica"
    },
    {
      "id": 2,
      "nombre": "Sandra Rodríguez López",
      "correo": "sandra.rodriguez@universidad.edu",
      "telefono": "+34 916 789 012",
      "numero_documento": "89012345H",
      "cargo": "Secretaria de Asuntos Académicos",
      "especialidad": "Administración"
    },
    {
      "id": 3,
      "nombre": "Luis Fernández Díaz",
      "correo": "luis.fernandez@universidad.edu",
      "telefono": "+34 917 890 123",
      "numero_documento": "90123456I",
      "cargo": "Jefe de Infraestructura",
      "especialidad": "Infraestructura y Mantenimiento"
    },
    {
      "id": 4,
      "nombre": "Carmen Gómez Pérez",
      "correo": "carmen.gomez@universidad.edu",
      "telefono": "+34 918 901 234",
      "numero_documento": "01234567J",
      "cargo": "Coordinadora de Espacios",
      "especialidad": "Planificación de Recursos"
    },
    {
      "id": 5,
      "nombre": "Francisco Moreno Ruiz",
      "correo": "francisco.moreno@universidad.edu",
      "telefono": "+34 919 012 345",
      "numero_documento": "12345678K",
      "cargo": "Técnico de Sistemas",
      "especialidad": "Tecnología y Redes"
    }
  ]
}